1,1,1,,认识基础干员-芬、香草、翎羽\n芬、香草、翎羽都是三星的先锋干员。由于芬的回费效率较高，生存能力也不错，新手建议优先培养芬。\n请问哪一位干员在手动撤退时会返回当次部署的所有部署费用？,0,芬¦香草¦翎羽¦都不行,3,A、芬的职业分支是尖兵，尖兵无此特性\nB、香草的分支是尖兵，尖兵无此特性\nC、翎羽的分支是冲锋手，冲锋手在撤退时会返还初始部署费用,
2,1,1,,认识基础干员-月见夜、泡普卡、玫兰莎\n月见夜、泡普卡、玫兰莎都是三星的近卫干员。玫兰莎由于其极高的攻击力，被称为“剑圣”，建议新手培养。\n请问哪一位干员的攻击范围最大？,0,月见夜¦泡普卡¦玫兰莎¦一样大,1,A、月见夜的分支是领主，领主具有较大的攻击范围，但对非自身阻挡的敌人攻击力倍率减少20%\nB、泡普卡的分支是强攻手，强攻手能够同时攻击范围内多个敌人，但不大于自身的阻挡数\nC、玫兰莎的分支是无畏者，无畏者往往攻击力很高，但只能阻挡一个敌人,
3,1,1,,认识基础干员-空爆、安德切尔、克洛丝\n空爆、安德切尔、克洛丝都是三星的狙击干员。克洛丝具有不错的输出能力，且可以对空，建议新手培养。\n请问哪个干员会优先攻击使用远程武器的敌人？,0,空爆¦安德切尔¦克洛丝¦都不会,2,A、空爆的分支是炮手，炮手有着较大的攻击范围，且可以产生群体范围伤害，但攻击间隔比较长\nB、安德切尔的分支是速射手，但是他的天赋【短板突破】效果包括优先攻击使用远程武器的敌人\nC、克洛丝的分支是速射手，速射手优先攻击空中单位,
4,1,1,,认识基础干员-斑点、米格鲁、卡缇\n斑点、米格鲁、卡缇都是三星的重装干员。斑点开启技能可以治疗友方单位，推荐新手培养。\n请问哪个干员不可以治疗自身？,0,斑点¦米格鲁¦卡缇¦都可以,2,A、斑点的分支是守护者，守护者开启技能后可以治疗友方单位。斑点没有不能治疗自身的限制\nB、米格鲁的分支是铁卫，且她的天赋和技能都是增加自身的防御力，不能治疗自身\nC、卡缇的分支是铁卫，但她的技能可以恢复自身生命,
5,1,1,,认识基础干员-史都华德、炎熔、梓兰\n史都华德和炎熔是三星的术师干员，而梓兰是三星的辅助干员。梓兰可以停顿敌人，建议新手培养。\n请问哪一位干员不能造成法术伤害？,0,史都华德¦炎熔¦梓兰¦都可以,4,A、史都华德的分支是中坚术师，造成伤害的类型为法术伤害\nB、炎熔的分支是扩散术师。扩散术师往往部署费用较高，能够造成群体扩散法术伤害\nC、梓兰的分支是凝滞师。凝滞师造成伤害的类型为法术伤害，且攻击时对敌人造成短暂的停顿效果（移动速度降低80%）,
6,1,1,,认识基础干员-芙蓉、安赛尔\n芙蓉和安赛尔都是三星的医疗干员，在前期缺少医疗类干员时推荐培养。\n请问哪位干员可能同时对多个干员进行治疗？,0,芙蓉¦安赛尔¦都可能¦都不可能,2,A、芙蓉的分支是医师，医师常态只能对一个单位进行治疗\nB、安赛尔的分支是医师，但他的天赋【附加治疗】有几率额外治疗一个单位,
7,1,1,,认识伤害类型-法术伤害和物理伤害\n法术伤害和物理伤害有不同的计算公式，因此，物理类干员往往需要关注dph（单次攻击造成的伤害），又被称为“破甲线”，物理伤害随敌方防御力升高，造成的最终伤害下降非常明显。\n以下哪个说法是错误的？,0,史都华德对40法抗的敌人造成2000点伤害时，敌人实际只受到1200点伤害¦克洛丝对800防御力的敌人造成2000点伤害时，敌人实际只受到1200点伤害¦史都华德对100法抗的敌人造成2000点伤害时，敌人实际只受到0点伤害¦克洛丝对1990防御力的敌人造成2000点伤害时，敌人实际只受到100点伤害,3,法术伤害是按照百分比进行计算的，即扣除法抗百分比的伤害，但保底造成5%的伤害\n物理伤害是简单的减法计算，即最终攻击力减去敌方防御力，但保底造成5%的伤害\nA、2000*（1-40%）=1200，计算正确\nB、2000-800=1200，计算正确\nC、2000*（1-100%）=0，但保底伤害为2000*5%=100，即最终造成100点伤害\nD、2000-1990=10，但保底伤害为2000*5%=100>10，即最终造成100点伤害,
8,1,1,,技能机制基础-技能释放\n干员技能除了可能需要技力条充满，还需要一定条件才可触发释放。以下哪个不是明日方舟中技能释放类型？,0,自动触发¦手动触发¦受击触发¦被动,3,A、满足一定条件即可自动触发技能\nB、需要手动开启技能\nC、虽然有的干员确实需要受到攻击才会触发技能（如蒂比），但这属于满足一定条件触发，属于自动触发\nD、干员被部署后技能立即生效,
9,1,1,,技能机制基础-技力回复\n干员技能一般需要消耗一定技力才可释放。以下哪个不是明日方舟中技力回复类型？,0,攻击回复¦受击回复¦自动回复¦阻挡回复,4,A、每攻击一次回复1点技力，注意不是每次造成伤害\nB、每受到敌方单位攻击一次回复1点技力，注意不是每次受到伤害\nC、随时间自然回复，一般每秒回复1点技力\nD、虽然有的干员确实需要阻挡敌人时才可回复技力（如决战者分支），但这属于特殊的自动回复,
10,1,1,,干员培养-精英化\n干员精英化的晋升往往有着较大的加成。对于六星干员而言，以下哪个不是精英化一带来的变化？,0,解锁二技能¦部分天赋解锁或升级¦技能自动升级至7级¦部署费用增加,3,A、六星干员具有三个技能，需要精英化一解锁二技能，精英化二解锁三技能\nB、六星干员一般具有两个天赋，解锁阶段不一定相同，但一般精英化均会使天赋升级或者解锁新天赋\nC、技能可升级上限从4级变为了7级，但不会自动升级\nD、精英化一和精英化二都会导致干员的部署费用+2,
11,1,1,,作战机制基础-部署费用\n只有部署费用足够时才能部署干员。以下对于部署费用的说法中，错误的是？,0,大部分干员主动撤退时返还一半的部署费用，被击退则不返还费用¦第一次撤退干员后，下一次部署所需费用变为1.5倍，第三次及以后部署变为2倍¦无特殊说明，部署费用自然回复的速率是1cost/s¦初始部署费用越高的干员能力越强,4,A、正确。另外，部分干员描述为“撤退时返还初始部署费用”，则撤退返还100%；“返还大量部署费用”，则返还80%；“不返还部署费用”，则返还0%\nB、正确。另外，如果1.5倍部署费用不为整数，向下取整\nC、正确。另外，剿灭作战相关关卡部署费用几乎不会自然回复；部分关卡有相关描述，可能降低自然回复速度\nD、错误。干员强度与部署费用无关，只与干员分支有关,
12,1,1,,作战机制基础-再部署\n干员撤退后，需要等待一段时间才可以再次部署。下列关于再部署说法中，正确的是？,0,主动撤退干员比干员被击退时再部署时间更少¦每撤退一次干员，下次再部署时间都会延长¦不同干员的再部署时间可能不同¦再部署必须部署到上次部署的位置,3,A、错误，主动撤退和被击退后，再部署时间相同\nB、错误，再部署时间与撤退次数无关\nC、正确，部分分支的再部署时间很短，同时再部署时间也受干员潜能、天赋等影响\nD、错误，再部署时可以灵活选择不同位置，和首次部署一样。,
13,1,1,,作战机制基础-阻挡\n不同于植物大战僵尸，每个干员阻挡敌人的个数是有上限的。下列关于阻挡的说法中，正确的是？,0,远程位干员无法阻挡敌人，阻挡数始终为0¦近战干员优先攻击自己阻挡的敌人¦重装干员的基础阻挡数都为3¦所有敌人都可以被阻挡,2,A、错误，远程位干员阻挡数一般为1，部分关卡中干员部署不受近远程限制，此时远程干员即可独挡敌人；部分关卡中敌人的路径可以经过高台，此时同样可以被远程干员阻挡\nB、正确。近战位干员能够攻击且优先攻击自己阻挡的敌人，即使敌人不在攻击范围内。而远程干员没有这个特性，因此如果没有身后攻击范围的远程干员在用背后阻挡敌人时，无法攻击，因为背后阻挡的敌人不在攻击范围内\nC、错误，例如“决战者”分支，阻挡数为1\nD、错误，部分敌人有不可被阻挡的特性,
14,1,1,,作战机制基础-攻击速度\n下列关于攻击速度的说法中，错误的是？,0,不同干员的基础攻击速度不一定相同¦攻击速度量化每次发动攻击的间隔，即每次造成伤害的间隔¦同一分支的干员一般基础攻击速度相同¦攻击速度越快，在持续接敌的情况下攻击回复技能回复技力也越快,2,A、正确，如速射手的基础攻击速度较快，而神射手较慢\nB、错误，一次攻击可能造成多次伤害，如投掷手在无模组时每次攻击造成2次伤害\nC、正确，同一分支的基础面板相差不大\nD、正确，因此在获得攻速增益时攻击回复技能将会有较大加成,
15,1,1,,认识职业-先锋\n先锋往往部署费用较低，且一般拥有回复费用或减少其他干员部署费用的能力。根据下列干员所处的分支，推测哪一位不是先锋？,0,幽灵鲨（强攻手）¦风笛（冲锋手）¦琴柳（执旗手）¦推进之王（尖兵）,1,A、强攻手属于近卫，如泡普卡\nB、冲锋手属于先锋，如翎羽\nC、执旗手属于先锋，如桃金娘\nD、尖兵属于先锋，如芬、香草\n先锋中回费效率较高的分支有执旗手、情报官、策士，其中执旗手技能期间回复大量费用，但无法阻挡敌人；情报官一般要通过攻击回复，需要持续接敌；策士可以减少待部署区干员的部署费用，也可能可以回复费用。其他分支舍弃了部分回费效率，获得了更高的攻击或生存能力,
